<?xml version="1.0" encoding="UTF-8"?>
<configurationDescriptor version="80">
  <projectmakefile>Makefile</projectmakefile>
  <confs>
    <conf name="Default" type="0">
      <toolsSet>
        <developmentServer>localhost</developmentServer>
        <platform>2</platform>
      </toolsSet>
      <dbx_gdbdebugger version="1">
        <gdb_pathmaps>
        </gdb_pathmaps>
        <gdb_interceptlist>
          <gdbinterceptoptions gdb_all="false" gdb_unhandled="true" gdb_unexpected="true"/>
        </gdb_interceptlist>
        <gdb_options>
          <DebugOptions>
          </DebugOptions>
        </gdb_options>
        <gdb_buildfirst gdb_buildfirst_overriden="false" gdb_buildfirst_old="false"/>
      </dbx_gdbdebugger>
      <nativedebugger version="1">
        <engine>gdb</engine>
      </nativedebugger>
      <runprofile version="9">
        <runcommandpicklist>
          <runcommandpicklistitem>"${OUTPUT_PATH}" -threads=2 ../SAT_Benchmark/appli/SAT09/APPLICATIONS/bitverif/countbitsarray/countbitsarray02_32.cnf</runcommandpicklistitem>
          <runcommandpicklistitem>"${OUTPUT_PATH}" -threads=2 -verb=0 ../SAT_Benchmark/appli/SAT09/APPLICATIONS/bitverif/countbitsarray/countbitsarray02_32.cnf</runcommandpicklistitem>
          <runcommandpicklistitem>"${OUTPUT_PATH}" -threads=2 -verb=0 -double-la -no-shrk-clause ../SAT_Benchmark/appli/SAT09/APPLICATIONS/aprove09/AProVE09-20.cnf</runcommandpicklistitem>
          <runcommandpicklistitem>"${OUTPUT_PATH}" -threads=2 -double-la -sh-delay=16 ../SAT_Benchmark/appli/SAT09/APPLICATIONS/bitverif/maxxororand/maxxororand032.cnf</runcommandpicklistitem>
          <runcommandpicklistitem>"${OUTPUT_PATH}" -threads=2 -double-la -shrk-clause ../SAT_Benchmark/appli/SAT09/APPLICATIONS/aprove09/AProVE09-15.cnf</runcommandpicklistitem>
          <runcommandpicklistitem>"${OUTPUT_PATH}" -threads=2 -double-la -shrk-clause ../SAT_Benchmark/appli/SAT09/APPLICATIONS/aprove09/AProVE09-20.cnf</runcommandpicklistitem>
          <runcommandpicklistitem>"${OUTPUT_PATH}" -threads=4 -double-la -shrk-clause ../SAT_Benchmark/appli/SAT09/APPLICATIONS/aprove09/AProVE09-20.cnf</runcommandpicklistitem>
          <runcommandpicklistitem>"${OUTPUT_PATH}" -threads=2 -double-la -shrk-clause -lbd-lt=2 ../SAT_Benchmark/appli/SAT09/APPLICATIONS/aprove09/AProVE09-20.cnf</runcommandpicklistitem>
          <runcommandpicklistitem>"${OUTPUT_PATH}" -threads=4 ../SAT_Benchmark/appli/SAT09/APPLICATIONS/bioinfo/q_query_3_l43_lambda.cnf</runcommandpicklistitem>
          <runcommandpicklistitem>"${OUTPUT_PATH}" -threads=2 ../SAT_Benchmark/appli/SAT09/APPLICATIONS/bioinfo/q_query_3_l43_lambda.cnf</runcommandpicklistitem>
        </runcommandpicklist>
        <runcommand>"${OUTPUT_PATH}" -threads=2 ../SAT_Benchmark/appli/SAT09/APPLICATIONS/bioinfo/q_query_3_l43_lambda.cnf</runcommand>
        <rundir>.</rundir>
        <buildfirst>true</buildfirst>
        <terminal-type>0</terminal-type>
        <remove-instrumentation>0</remove-instrumentation>
        <environment>
        </environment>
      </runprofile>
    </conf>
  </confs>
</configurationDescriptor>
