<?xml version="1.0" encoding="UTF-8"?>
<configurationDescriptor version="80">
  <logicalFolder name="root" displayName="root" projectFiles="true" kind="ROOT">
    <df name="splitterGlu21" root=".">
      <df name="core">
        <in>BoundedQueue.h</in>
        <in>Constants.h</in>
        <in>Dimacs.h</in>
        <in>Main.cc</in>
        <in>Solver.cc</in>
        <in>Solver.h</in>
        <in>SolverTypes.h</in>
      </df>
      <df name="davide_utils">
        <in>utils.h</in>
      </df>
      <df name="doc">
      </df>
      <df name="master">
        <in>Lock.h</in>
        <in>Main.cc</in>
        <in>Master.cc</in>
        <in>Master.h</in>
        <in>PartitionTree.cc</in>
        <in>PartitionTree.h</in>
        <in>RWLock.h</in>
      </df>
      <df name="mtl">
        <in>Alg.h</in>
        <in>Alloc.h</in>
        <in>Heap.h</in>
        <in>IntTypes.h</in>
        <in>Map.h</in>
        <in>Queue.h</in>
        <in>Sort.h</in>
        <in>Vec.h</in>
        <in>XAlloc.h</in>
      </df>
      <df name="shared_pool">
        <in>LevelPool.cc</in>
        <in>LevelPool.h</in>
        <in>Shared_pool.h</in>
        <in>clause.h</in>
        <in>shared_pool.cc</in>
      </df>
      <df name="simp">
        <in>Main.cc</in>
        <in>SimpSolver.cc</in>
        <in>SimpSolver.h</in>
      </df>
      <df name="solverPT">
        <in>SolverPT.h</in>
        <in>solverPT.cc</in>
      </df>
      <df name="splitterSolver">
        <in>SplitterSolver.h</in>
      </df>
      <df name="splittings">
        <in>LookaheadSplitting.cc</in>
        <in>LookaheadSplitting.h</in>
        <in>markArray.h</in>
      </df>
      <df name="utils">
        <in>Options.cc</in>
        <in>Options.h</in>
        <in>ParseUtils.h</in>
        <in>Statistics-mt.cc</in>
        <in>Statistics-mt.h</in>
        <in>System.cc</in>
        <in>System.h</in>
      </df>
    </df>
    <logicalFolder name="ExternalFiles"
                   displayName="Important Files"
                   projectFiles="false"
                   kind="IMPORTANT_FILES_FOLDER">
      <itemPath>Makefile</itemPath>
    </logicalFolder>
  </logicalFolder>
  <sourceFolderFilter>^(nbproject)$</sourceFolderFilter>
  <sourceRootList>
    <Elem>.</Elem>
  </sourceRootList>
  <projectmakefile>Makefile</projectmakefile>
  <confs>
    <conf name="Default" type="0">
      <toolsSet>
        <remote-sources-mode>LOCAL_SOURCES</remote-sources-mode>
        <compilerSet>default</compilerSet>
      </toolsSet>
      <makefileType>
        <makeTool>
          <buildCommandWorkingDir>.</buildCommandWorkingDir>
          <buildCommand>${MAKE} -f Makefile</buildCommand>
          <cleanCommand>${MAKE} -f Makefile clean</cleanCommand>
          <executablePath>splitter</executablePath>
          <ccTool>
            <incDir>
              <pElem>.</pElem>
            </incDir>
            <preprocessorList>
              <Elem>__STDC_FORMAT_MACROS</Elem>
              <Elem>__STDC_LIMIT_MACROS</Elem>
            </preprocessorList>
          </ccTool>
        </makeTool>
      </makefileType>
      <item path="core/Main.cc" ex="true" tool="1" flavor="0">
      </item>
      <item path="core/Solver.cc" ex="false" tool="1" flavor="4">
      </item>
      <folder path="splitterGlu21/core">
        <ccTool>
          <incDir>
            <pElem>master</pElem>
          </incDir>
          <preprocessorList>
            <Elem>DEBUG</Elem>
          </preprocessorList>
        </ccTool>
      </folder>
      <folder path="splitterGlu21/shared_pool">
        <ccTool>
          <incDir>
            <pElem>master</pElem>
          </incDir>
          <preprocessorList>
            <Elem>DEBUG</Elem>
          </preprocessorList>
        </ccTool>
      </folder>
      <folder path="splitterGlu21/simp">
        <ccTool>
          <incDir>
            <pElem>master</pElem>
          </incDir>
          <preprocessorList>
            <Elem>DEBUG</Elem>
          </preprocessorList>
        </ccTool>
      </folder>
      <folder path="splitterGlu21/solverPT">
        <ccTool>
          <incDir>
            <pElem>master</pElem>
          </incDir>
          <preprocessorList>
            <Elem>DEBUG</Elem>
          </preprocessorList>
        </ccTool>
      </folder>
      <folder path="splitterGlu21/splittings">
        <ccTool>
          <incDir>
            <pElem>master</pElem>
          </incDir>
          <preprocessorList>
            <Elem>DEBUG</Elem>
          </preprocessorList>
        </ccTool>
      </folder>
      <folder path="splitterGlu21/utils">
        <ccTool>
          <incDir>
            <pElem>master</pElem>
          </incDir>
          <preprocessorList>
            <Elem>DEBUG</Elem>
          </preprocessorList>
        </ccTool>
      </folder>
      <item path="simp/Main.cc" ex="true" tool="1" flavor="0">
      </item>
    </conf>
  </confs>
</configurationDescriptor>
